policy,common_random_scenarios_verified,mean_total_requests,mean_net_profit,mean_sla_violation_rate,mean_admission_ratio,mean_blocked_nominal,mean_blocked_forecast,mean_blocked_both
static_opf_1.75_forecast,True,1096.5666666666666,-213.66934743125356,0.003009259259259259,0.20013975643363338,894.9333333333333,0.0,24.8
adaptive_heuristic,True,1096.5666666666666,-292.30116609025026,0.030671296296296297,0.24322869297642852,757.8,0.9333333333333333,123.7
static_opf_2.00_forecast,True,1096.5666666666666,-304.22041752590354,0.011458333333333333,0.2182650083504917,847.9666666666667,0.13333333333333333,54.666666666666664
opf_aware_q_learning,True,1096.5666666666666,-308.11356080059886,0.036689814814814814,0.20739144261183967,594.6,9.166666666666666,203.43333333333334
static_opf_1.50_forecast,True,1096.5666666666666,-316.22464740220056,0.0003472222222222222,0.17415527212370455,939.4666666666667,0.0,3.533333333333333
static_opf_1.40_forecast,True,1096.5666666666666,-364.63531720064606,0.0003472222222222222,0.1648267059293275,949.4,0.0,2.3666666666666667
static_opf_1.30_forecast,True,1096.5666666666666,-400.50807055760436,0.0,0.15652980337711128,958.0,0.0,0.9
static_opf_2.25_forecast,True,1096.5666666666666,-409.671828176665,0.026851851851851852,0.2379645105083475,739.4333333333333,2.2666666666666666,143.23333333333332
static_opf_1.20_forecast,True,1096.5666666666666,-444.53089083041993,0.0,0.14657534454403853,967.7666666666667,0.0,0.03333333333333333
static_opf_1.10_forecast,True,1096.5666666666666,-566.1824633360942,0.0,0.13739811464888865,976.4666666666667,0.0,0.0
static_opf_2.50_forecast,True,1096.5666666666666,-631.383251927095,0.051388888888888894,0.2591574275796937,575.2,12.8,277.8333333333333
conservative,True,1096.5666666666666,-818.4073393159468,0.0,0.12493657227214079,987.6333333333333,0.0,0.0
q_learning,True,1096.5666666666666,-1228.8920313626563,0.0,0.11555817309742222,860.2333333333333,0.0,0.0
