metric,policy_a,policy_b,n_paired_seeds,mean_a,mean_b,mean_difference_a_minus_b,paired_t,paired_p_value,wilcoxon_statistic,wilcoxon_p_value,paired_cohens_dz
net_profit,adaptive_heuristic,conservative,30,-292.30116609025026,-818.4073393159468,526.1061732256968,6.329463073000044,6.47744785046687e-07,20.0,6.910413503646851e-07,1.1555965673260307
net_profit,adaptive_heuristic,opf_aware_q_learning,30,-292.30116609025026,-308.11356080059886,15.812394710348697,0.12652048864337528,0.9001930797028269,230.0,0.9676735773682594,0.02309937520551761
net_profit,adaptive_heuristic,q_learning,30,-292.30116609025026,-1228.8920313626563,936.5908652724062,6.210458079987996,8.955991931623122e-07,21.0,8.326023817062378e-07,1.1338693276165495
net_profit,adaptive_heuristic,static_opf_1.10_forecast,30,-292.30116609025026,-566.1824633360942,273.881297245844,3.4941566123893364,0.0015480350897665806,90.0,0.002560090273618698,0.6379427986871583
net_profit,adaptive_heuristic,static_opf_1.20_forecast,30,-292.30116609025026,-444.53089083041993,152.22972474016962,2.1515608328200866,0.039893864657982885,136.0,0.047259049490094185,0.392819467326721
net_profit,adaptive_heuristic,static_opf_1.30_forecast,30,-292.30116609025026,-400.50807055760436,108.20690446735408,1.555900070329179,0.13057894055804117,155.0,0.11417667381465435,0.2840671885810553
net_profit,adaptive_heuristic,static_opf_1.40_forecast,30,-292.30116609025026,-364.63531720064606,72.33415111039585,1.0003299541934507,0.3254250493235825,182.0,0.308520769700408,0.18263442695328752
net_profit,adaptive_heuristic,static_opf_1.50_forecast,30,-292.30116609025026,-316.22464740220056,23.9234813119503,0.3234943151182876,0.7486422518938121,214.0,0.7151329666376114,0.05906171120499021
net_profit,adaptive_heuristic,static_opf_1.75_forecast,30,-292.30116609025026,-213.66934743125356,-78.63181865899658,-1.064588970034656,0.29584614413242366,172.0,0.22064675763249397,-0.1943664644530575
net_profit,adaptive_heuristic,static_opf_2.00_forecast,30,-292.30116609025026,-304.22041752590354,11.919251435653246,0.18993354179801544,0.8506844473819491,230.0,0.9676735773682594,0.03467696175654113
net_profit,adaptive_heuristic,static_opf_2.25_forecast,30,-292.30116609025026,-409.671828176665,117.37066208641487,2.1725356195301906,0.038130343560157126,145.0,0.07324407435953617,0.39664892193338214
net_profit,adaptive_heuristic,static_opf_2.50_forecast,30,-292.30116609025026,-631.383251927095,339.08208583684467,5.826897820062286,2.5635789060189696e-06,32.0,5.144625902175903e-06,1.063841125441931
net_profit,conservative,opf_aware_q_learning,30,-818.4073393159468,-308.11356080059886,-510.29377851534815,-3.2495072833881236,0.0029232547584674058,71.0,0.0005054883658885956,-0.5932761466296692
net_profit,conservative,q_learning,30,-818.4073393159468,-1228.8920313626563,410.48469204670954,3.3921215861100444,0.002021568150479059,86.0,0.0018640067428350449,0.619313836837558
net_profit,conservative,static_opf_1.10_forecast,30,-818.4073393159468,-566.1824633360942,-252.22487597985278,-5.86548809405779,2.3051338699923094e-06,25.0,1.6838312149047852e-06,-1.0708867132978117
net_profit,conservative,static_opf_1.20_forecast,30,-818.4073393159468,-444.53089083041993,-373.87644848552725,-9.755607787985655,1.1534885371950067e-10,0.0,1.862645149230957e-09,-1.7811221492176061
net_profit,conservative,static_opf_1.30_forecast,30,-818.4073393159468,-400.50807055760436,-417.8992687583428,-9.12615825034281,5.036445318168578e-10,1.0,3.725290298461914e-09,-1.6662009123582118
net_profit,conservative,static_opf_1.40_forecast,30,-818.4073393159468,-364.63531720064606,-453.77202211530107,-10.392328541353875,2.7368893979577938e-11,1.0,3.725290298461914e-09,-1.8973709223680923
net_profit,conservative,static_opf_1.50_forecast,30,-818.4073393159468,-316.22464740220056,-502.18269191374657,-12.146140133490633,6.748401175840407e-13,0.0,1.862645149230957e-09,-2.2175716459105432
net_profit,conservative,static_opf_1.75_forecast,30,-818.4073393159468,-213.66934743125356,-604.7379918846933,-8.944414466105755,7.783171485944046e-10,3.0,9.313225746154785e-09,-1.63301918892055
net_profit,conservative,static_opf_2.00_forecast,30,-818.4073393159468,-304.22041752590354,-514.1869217900436,-9.272566930198145,3.5581072144349804e-10,0.0,1.862645149230957e-09,-1.6929313578819851
net_profit,conservative,static_opf_2.25_forecast,30,-818.4073393159468,-409.671828176665,-408.73551113928187,-5.395402561182896,8.455821154899799e-06,41.0,1.8244609236717224e-05,-0.98506122986034
net_profit,conservative,static_opf_2.50_forecast,30,-818.4073393159468,-631.383251927095,-187.02408738885208,-2.030822960084472,0.05153034813252275,143.0,0.06666470877826214,-0.3707758485125596
net_profit,opf_aware_q_learning,q_learning,30,-308.11356080059886,-1228.8920313626563,920.7784705620577,5.22847753393604,1.3441747100254917e-05,40.0,1.597777009010315e-05,0.9545850289152507
net_profit,opf_aware_q_learning,static_opf_1.10_forecast,30,-308.11356080059886,-566.1824633360942,258.06890253549534,1.7903754848579414,0.08383978199195995,132.0,0.03841841779649258,0.3268763464869812
net_profit,opf_aware_q_learning,static_opf_1.20_forecast,30,-308.11356080059886,-444.53089083041993,136.41733002982093,0.9582269647117099,0.34586942487309025,174.0,0.23665234446525574,0.17494750792743674
net_profit,opf_aware_q_learning,static_opf_1.30_forecast,30,-308.11356080059886,-400.50807055760436,92.39450975700541,0.6645839783372429,0.5115670547675752,180.0,0.28936620615422726,0.1213358787639442
net_profit,opf_aware_q_learning,static_opf_1.40_forecast,30,-308.11356080059886,-364.63531720064606,56.52175640004718,0.36533100718032707,0.7175154886128413,205.0,0.583757072687149,0.06670001119624898
net_profit,opf_aware_q_learning,static_opf_1.50_forecast,30,-308.11356080059886,-316.22464740220056,8.111086601601619,0.05615761799401568,0.9556013791840499,232.0,1.0,0.01025293138369347
net_profit,opf_aware_q_learning,static_opf_1.75_forecast,30,-308.11356080059886,-213.66934743125356,-94.44421336934529,-0.6266456156738843,0.5357938189521467,215.0,0.7303419969975948,-0.11440931308876642
net_profit,opf_aware_q_learning,static_opf_2.00_forecast,30,-308.11356080059886,-304.22041752590354,-3.893143274695437,-0.028887187313998978,0.9771524486328962,230.0,0.9676735773682594,-0.005274054704918102
net_profit,opf_aware_q_learning,static_opf_2.25_forecast,30,-308.11356080059886,-409.671828176665,101.55826737606621,0.8193218489650922,0.4192855817041782,192.0,0.4161298982799053,0.1495870195116739
net_profit,opf_aware_q_learning,static_opf_2.50_forecast,30,-308.11356080059886,-631.383251927095,323.269691126496,2.6790641467742775,0.012036754101549781,104.0,0.007111456245183945,0.489127955397201
net_profit,q_learning,static_opf_1.10_forecast,30,-1228.8920313626563,-566.1824633360942,-662.7095680265624,-5.51948189620628,5.994455974689241e-06,31.0,4.421919584274292e-06,-1.0077149134311891
net_profit,q_learning,static_opf_1.20_forecast,30,-1228.8920313626563,-444.53089083041993,-784.3611405322367,-6.571162327528374,3.3674422152308614e-07,15.0,2.551823854446411e-07,-1.1997246119384803
net_profit,q_learning,static_opf_1.30_forecast,30,-1228.8920313626563,-400.50807055760436,-828.3839608050523,-6.906369054599597,1.372106979176585e-07,10.0,8.009374141693115e-08,-1.2609247072199423
net_profit,q_learning,static_opf_1.40_forecast,30,-1228.8920313626563,-364.63531720064606,-864.2567141620106,-7.059104346957994,9.150401048824986e-08,12.0,1.30385160446167e-07,-1.2888102288705563
net_profit,q_learning,static_opf_1.50_forecast,30,-1228.8920313626563,-316.22464740220056,-912.667383960456,-7.333600963388856,4.447339442852791e-08,6.0,2.60770320892334e-08,-1.3389262251298981
net_profit,q_learning,static_opf_1.75_forecast,30,-1228.8920313626563,-213.66934743125356,-1015.2226839314028,-7.822988919980076,1.2564463644390909e-08,9.0,6.146728992462158e-08,-1.4282758328620215
net_profit,q_learning,static_opf_2.00_forecast,30,-1228.8920313626563,-304.22041752590354,-924.671613836753,-6.9624916955684535,1.1819705294402484e-07,11.0,1.0244548320770264e-07,-1.2711712527017445
net_profit,q_learning,static_opf_2.25_forecast,30,-1228.8920313626563,-409.671828176665,-819.2202031859914,-5.315751056206191,1.0548117815427757e-05,36.0,9.220093488693237e-06,-0.9705189211886811
net_profit,q_learning,static_opf_2.50_forecast,30,-1228.8920313626563,-631.383251927095,-597.5087794355616,-3.8876735867705747,0.0005422747665746456,69.0,0.0004183966666460037,-0.7097888398970872
net_profit,static_opf_1.10_forecast,static_opf_1.20_forecast,30,-566.1824633360942,-444.53089083041993,-121.65157250567442,-3.4414035287164473,0.0017776051283866134,95.0,0.0037444327026605606,-0.628311447385292
net_profit,static_opf_1.10_forecast,static_opf_1.30_forecast,30,-566.1824633360942,-400.50807055760436,-165.67439277848996,-4.7722223841496,4.7762493060098055e-05,58.0,0.00013739429414272308,-0.87128461640994
net_profit,static_opf_1.10_forecast,static_opf_1.40_forecast,30,-566.1824633360942,-364.63531720064606,-201.54714613544814,-4.974953630646905,2.7195251812429256e-05,46.0,3.453157842159271e-05,-0.9082981086825115
net_profit,static_opf_1.10_forecast,static_opf_1.50_forecast,30,-566.1824633360942,-316.22464740220056,-249.95781593389376,-5.462742463661526,7.0152266183551744e-06,39.0,1.3966113328933716e-05,-0.9973557577295876
net_profit,static_opf_1.10_forecast,static_opf_1.75_forecast,30,-566.1824633360942,-213.66934743125356,-352.5131159048406,-5.797966736524079,2.776332018294559e-06,31.0,4.421919584274292e-06,-1.0585590564196168
net_profit,static_opf_1.10_forecast,static_opf_2.00_forecast,30,-566.1824633360942,-304.22041752590354,-261.9620458101907,-4.505326779579435,0.00010005110279234843,54.0,8.856505155563354e-05,-0.8225563687025874
net_profit,static_opf_1.10_forecast,static_opf_2.25_forecast,30,-566.1824633360942,-409.671828176665,-156.51063515942914,-2.3092378703854295,0.02825083445626938,133.0,0.04048972204327583,-0.42160722408509693
net_profit,static_opf_1.10_forecast,static_opf_2.50_forecast,30,-566.1824633360942,-631.383251927095,65.20078859100074,0.7739121033962418,0.44524639495458784,176.0,0.25343610532581806,0.14129637218546406
net_profit,static_opf_1.20_forecast,static_opf_1.30_forecast,30,-444.53089083041993,-400.50807055760436,-44.02282027281554,-1.2054272365690781,0.23778250611121732,170.0,0.20540969260036945,-0.22007989630000013
net_profit,static_opf_1.20_forecast,static_opf_1.40_forecast,30,-444.53089083041993,-364.63531720064606,-79.89557362977376,-2.0482642917267007,0.049682802782095976,129.0,0.03272089920938015,-0.37396018543701876
net_profit,static_opf_1.20_forecast,static_opf_1.50_forecast,30,-444.53089083041993,-316.22464740220056,-128.30624342821932,-3.6138501640422755,0.0011286435593185118,88.0,0.0021877754479646683,-0.6597957514298999
net_profit,static_opf_1.20_forecast,static_opf_1.75_forecast,30,-444.53089083041993,-213.66934743125356,-230.8615433991662,-4.366324888835511,0.00014682020261910127,59.0,0.0001528710126876831,-0.7971782116704821
net_profit,static_opf_1.20_forecast,static_opf_2.00_forecast,30,-444.53089083041993,-304.22041752590354,-140.3104733045164,-3.026147206326531,0.0051513036733966825,110.0,0.010598260909318924,-0.5524963624120937
net_profit,static_opf_1.20_forecast,static_opf_2.25_forecast,30,-444.53089083041993,-409.671828176665,-34.85906265375475,-0.5722773359975052,0.571544288485214,201.0,0.5291051845997572,-0.10448306869159896
net_profit,static_opf_1.20_forecast,static_opf_2.50_forecast,30,-444.53089083041993,-631.383251927095,186.8523610966752,2.6523773151212806,0.012825283406340164,115.0,0.01453801617026329,0.48425562883563794
net_profit,static_opf_1.30_forecast,static_opf_1.40_forecast,30,-400.50807055760436,-364.63531720064606,-35.872753356958235,-1.0211343341876415,0.31563422477354003,196.0,0.46454504504799843,-0.18643276969253003
net_profit,static_opf_1.30_forecast,static_opf_1.50_forecast,30,-400.50807055760436,-316.22464740220056,-84.2834231554038,-2.446186085508437,0.02073888955773862,143.0,0.06666470877826214,-0.44661043296274405
net_profit,static_opf_1.30_forecast,static_opf_1.75_forecast,30,-400.50807055760436,-213.66934743125356,-186.83872312635066,-3.4984285334241685,0.0015307556201236223,83.0,0.0014574769884347916,-0.6387227411920444
net_profit,static_opf_1.30_forecast,static_opf_2.00_forecast,30,-400.50807055760436,-304.22041752590354,-96.28765303170084,-1.8175772706491597,0.07947491019271477,143.0,0.06666470877826214,-0.3318426903810725
net_profit,static_opf_1.30_forecast,static_opf_2.25_forecast,30,-400.50807055760436,-409.671828176665,9.163757619060785,0.15765312957710118,0.8758227381252905,201.0,0.5291051845997572,0.028783391776887733
net_profit,static_opf_1.30_forecast,static_opf_2.50_forecast,30,-400.50807055760436,-631.383251927095,230.8751813694907,3.150330924718373,0.0037660566517498436,86.0,0.0018640067428350449,0.575169103691454
net_profit,static_opf_1.40_forecast,static_opf_1.50_forecast,30,-364.63531720064606,-316.22464740220056,-48.41066979844556,-1.38248480187745,0.17737793891127024,179.0,0.28008678182959557,-0.25240603713211324
net_profit,static_opf_1.40_forecast,static_opf_1.75_forecast,30,-364.63531720064606,-213.66934743125356,-150.96596976939242,-2.8879157085255547,0.007259005375315137,107.0,0.008705463260412216,-0.5272588592443203
net_profit,static_opf_1.40_forecast,static_opf_2.00_forecast,30,-364.63531720064606,-304.22041752590354,-60.414899674742614,-1.178024676134117,0.2483636187421909,177.0,0.2621222734451294,-0.21507689613879125
net_profit,static_opf_1.40_forecast,static_opf_2.25_forecast,30,-364.63531720064606,-409.671828176665,45.03651097601901,0.6901274053777738,0.4956004772774999,217.0,0.761065473780036,0.12599944915930628
net_profit,static_opf_1.40_forecast,static_opf_2.50_forecast,30,-364.63531720064606,-631.383251927095,266.7479347264489,3.4638545892408983,0.0016761388067311432,85.0,0.001718590036034584,0.6324104314816771
net_profit,static_opf_1.50_forecast,static_opf_1.75_forecast,30,-316.22464740220056,-213.66934743125356,-102.55529997094689,-1.7775441673279238,0.08596863112379774,143.0,0.06666470877826214,-0.32453367913574716
net_profit,static_opf_1.50_forecast,static_opf_2.00_forecast,30,-316.22464740220056,-304.22041752590354,-12.004229876297048,-0.23433082910665012,0.8163746978079621,231.0,0.9838335812091827,-0.04278276034020014
net_profit,static_opf_1.50_forecast,static_opf_2.25_forecast,30,-316.22464740220056,-409.671828176665,93.44718077446457,1.578271229251427,0.12535057351426032,176.0,0.25343610532581806,0.2881515847074713
net_profit,static_opf_1.50_forecast,static_opf_2.50_forecast,30,-316.22464740220056,-631.383251927095,315.15860452489443,4.225881171333576,0.00021597339982929356,63.0,0.00023163668811321259,0.7715368142919178
net_profit,static_opf_1.75_forecast,static_opf_2.00_forecast,30,-213.66934743125356,-304.22041752590354,90.55107009464986,1.8910191425709366,0.06864984150977325,146.0,0.07672121562063694,0.34525128035339325
net_profit,static_opf_1.75_forecast,static_opf_2.25_forecast,30,-213.66934743125356,-409.671828176665,196.00248074541145,2.9836725761134186,0.0057276187182414805,100.0,0.005382779985666275,0.5447415913822897
net_profit,static_opf_1.75_forecast,static_opf_2.50_forecast,30,-213.66934743125356,-631.383251927095,417.7139044958413,5.0863834153755505,1.9951205989261417e-05,46.0,3.453157842159271e-05,0.9286423109071196
net_profit,static_opf_2.00_forecast,static_opf_2.25_forecast,30,-304.22041752590354,-409.671828176665,105.45141065076162,2.1759140370760033,0.03785290543311351,143.0,0.06666470877826214,0.3972657337662198
net_profit,static_opf_2.00_forecast,static_opf_2.50_forecast,30,-304.22041752590354,-631.383251927095,327.1628344011915,4.310388421376192,0.00017125156649843448,65.0,0.000283263623714447,0.7869656566656079
net_profit,static_opf_2.25_forecast,static_opf_2.50_forecast,30,-409.671828176665,-631.383251927095,221.71142375042987,3.8056813071901963,0.0006762740083293074,70.0,0.00046010687947273254,0.6948191662079394
