policy,net_profit,sla_violation_rate,admission_ratio,mean_selected_opf,pareto_efficient
static_opf_1.75_forecast,-213.6693474312536,0.0030092592592592593,0.20013975643363338,1.75,True
static_opf_1.50_forecast,-316.2246474022005,0.0003472222222222222,0.17415527212370455,1.5,True
static_opf_1.30_forecast,-400.50807055760436,0.0,0.15652980337711125,1.3,True
adaptive_heuristic,-292.30116609025026,0.030671296296296294,0.24322869297642852,2.1376271582736055,False
static_opf_2.00_forecast,-304.22041752590354,0.011458333333333333,0.21826500835049173,2.0,False
opf_aware_q_learning,-308.1135608005989,0.036689814814814814,0.2073914426118397,2.331043617346745,False
static_opf_1.40_forecast,-364.63531720064606,0.0003472222222222222,0.16482670592932752,1.4000000000000001,False
static_opf_2.25_forecast,-409.6718281766651,0.026851851851851852,0.23796451050834755,2.25,False
static_opf_1.20_forecast,-444.5308908304198,0.0,0.14657534454403853,1.1999999999999997,False
static_opf_1.10_forecast,-566.1824633360942,0.0,0.13739811464888863,1.0999999999999999,False
static_opf_2.50_forecast,-631.3832519270949,0.051388888888888894,0.2591574275796937,2.5,False
conservative,-818.4073393159471,0.0,0.12493657227214078,1.0,False
q_learning,-1228.8920313626566,0.0,0.11555817309742224,1.0,False
