policy,baseline,n_paired_seeds,net_profit_mean_improvement,net_profit_relative_improvement_pct,admission_ratio_mean_improvement,admission_ratio_relative_improvement_pct,sla_violation_rate_mean_improvement,sla_violation_rate_relative_improvement_pct,mean_cpu_utilisation_mean_improvement,mean_cpu_utilisation_relative_improvement_pct,mean_mem_utilisation_mean_improvement,mean_mem_utilisation_relative_improvement_pct,mean_bw_utilisation_mean_improvement,mean_bw_utilisation_relative_improvement_pct,total_admission_revenue_mean_improvement,total_admission_revenue_relative_improvement_pct,total_rejection_penalty_mean_improvement,total_rejection_penalty_relative_improvement_pct,total_overbooking_penalty_mean_improvement,total_overbooking_penalty_relative_improvement_pct
static_opf_1.75_forecast,conservative,30,604.7379918846933,73.89205385061115,0.07520318416149259,60.193090616959324,0.003009259259259259,300925925.92592585,0.23865452588088357,75.62143418259657,0.21127613319768795,67.69527304781019,0.21393031072083799,89.21242251000243,1913.2492420211643,72.06129400790577,-337.4310639508737,-8.447366088849343,1640.9528297332301,2987.5935968233302
adaptive_heuristic,conservative,30,526.1061732256968,64.28414653092365,0.11829212070428773,94.6817401446072,0.030671296296296297,3067129629.6296296,0.3521019975021294,111.56904706243773,0.322484070867423,103.32755953325291,0.31039526453012045,129.439878767342,2868.041914469011,108.02294185529962,-502.44999104635957,-12.578507046777437,2731.595315561268,4973.267071430789
static_opf_2.00_forecast,conservative,30,514.1869217900436,62.827750569761356,0.09332843607835097,74.70065360450262,0.011458333333333333,1145833333.3333333,0.30923317555635754,97.98538764809386,0.2739869426206093,87.7885287444281,0.2838108039222635,118.35372587971553,2402.6537695261163,90.49439868175277,-418.2252489684192,-10.469995691181383,2278.0342941010404,4147.493180231542
opf_aware_q_learning,conservative,30,510.29377851534815,62.3520530671034,0.08245487033969892,65.99738478505166,0.036689814814814814,3668981481.481481,0.3793332154493377,120.19768608826777,0.28772282023656526,92.18965996398424,0.3913041189402504,163.1801883107419,2884.834746582899,108.65543300470466,-538.6639433609123,-13.485099667928932,2769.933743908162,5043.067763422692
static_opf_1.50_forecast,conservative,30,502.18269191374657,61.36097121678896,0.049218699851563755,39.39494973845931,0.0003472222222222222,34722222.22222222,0.15908619954484432,50.408960499849925,0.14277855663484423,45.747871425326636,0.14164047270960983,59.06638312873426,1274.3363424060756,47.99705329456896,-226.50790030915263,-5.670477203623946,998.089335630438,1817.1669862514655
static_opf_1.40_forecast,conservative,30,453.77202211530107,55.4457420304392,0.03989013365718672,31.92830804601936,0.0003472222222222222,34722222.22222222,0.13113784577682724,41.55308572781686,0.11701671193439628,37.493483744062544,0.11393167578414946,47.511363691662766,1020.8896882932848,38.4511491560951,-182.1419028243126,-4.55980346107256,748.935212004799,1363.545620129016
static_opf_1.30_forecast,conservative,30,417.8992687583428,51.062502580638814,0.031593231104970455,25.287416270836275,0.0,0.0,0.09716095207510299,30.786973409978636,0.08852254173122634,28.36362793413297,0.0851722728714976,35.51822445331088,795.1119309318809,29.947376100119275,-141.6645197519054,-3.5464786381362887,518.8771819254434,944.6914732522836
static_opf_2.25_forecast,conservative,30,408.73551113928187,49.94279639292056,0.11302793823620674,90.46825615641649,0.026851851851851852,2685185185.185185,0.3799520555878643,120.39377530397573,0.3357934003008212,107.59201986978377,0.3549326854456784,148.01270839039344,2902.4617478069868,109.3193425935802,-500.84245642185954,-12.538263468386475,2901.606184156357,5282.796616218272
static_opf_1.20_forecast,conservative,30,373.87644848552725,45.683418332737105,0.02163877227189774,17.31980626518509,0.0,0.0,0.0658711014925428,20.87229289981996,0.05764971686685036,18.47162415065012,0.05677537435569268,23.676255450276628,564.6059159489788,21.26551628204028,-104.23405915587844,-2.6094315274561546,294.9635266193298,537.024055449296
static_opf_1.10_forecast,conservative,30,252.22487597985278,30.81898998983453,0.012461542376747844,9.974295076387815,0.0,0.0,0.033256167905900205,10.537739031677242,0.030374490692150546,9.732331853921881,0.028945076375708787,12.07056809534422,311.2962273079399,11.724770859384547,-57.69983298252154,-1.4444775971775528,116.77118431060838,212.59894630643677
static_opf_2.50_forecast,conservative,30,187.02408738885208,22.852200659047522,0.1342208553075529,107.43119717994887,0.051388888888888894,5138888888.888889,0.44325175054422367,140.45127766330643,0.39994756684363203,128.14774358329308,0.427886322377101,178.43556272850685,3368.9360147727884,126.88879384993311,-568.2080136246782,-14.224716152406048,3526.4185074685843,6420.358441592245
q_learning,conservative,30,-410.48469204670954,-50.15652625864851,-0.009378399174718544,-7.506528316056422,0.0,0.0,-0.03781358748711951,-11.981828992391698,-0.02843797235087895,-9.11184937968135,-0.008180776881003675,-3.411517148313433,-347.2491206120484,-13.078913308742209,76.47172103938085,1.9144195424700463,-13.236149604719964,-24.09833792241653
