metric,policy_a,policy_b,mean_a,mean_b,welch_t,p_value,cliffs_delta
sla_violation_rate,adaptive_heuristic,conservative,0.030671296296296297,0.0,8.017113225209904,7.673183009113779e-09,0.9333333333333333
sla_violation_rate,adaptive_heuristic,opf_aware_q_learning,0.030671296296296297,0.036689814814814814,-0.9147841743202791,0.364487661847437,-0.08444444444444445
sla_violation_rate,adaptive_heuristic,q_learning,0.030671296296296297,0.0,8.017113225209904,7.673183009113779e-09,0.9333333333333333
sla_violation_rate,adaptive_heuristic,static_opf_1.10_forecast,0.030671296296296297,0.0,8.017113225209904,7.673183009113779e-09,0.9333333333333333
sla_violation_rate,adaptive_heuristic,static_opf_1.20_forecast,0.030671296296296297,0.0,8.017113225209904,7.673183009113779e-09,0.9333333333333333
sla_violation_rate,adaptive_heuristic,static_opf_1.30_forecast,0.030671296296296297,0.0,8.017113225209904,7.673183009113779e-09,0.9333333333333333
sla_violation_rate,adaptive_heuristic,static_opf_1.40_forecast,0.030671296296296297,0.0003472222222222222,7.893907746034986,9.343288533055167e-09,0.9233333333333333
sla_violation_rate,adaptive_heuristic,static_opf_1.50_forecast,0.030671296296296297,0.0003472222222222222,7.893907746034986,9.343288533055167e-09,0.9233333333333333
sla_violation_rate,adaptive_heuristic,static_opf_1.75_forecast,0.030671296296296297,0.003009259259259259,6.894483549321341,5.441604651539722e-08,0.8377777777777777
sla_violation_rate,adaptive_heuristic,static_opf_2.00_forecast,0.030671296296296297,0.011458333333333333,4.276575905846156,8.930683565719081e-05,0.5666666666666667
sla_violation_rate,adaptive_heuristic,static_opf_2.25_forecast,0.030671296296296297,0.026851851851851852,0.6455542919737042,0.5211819187237474,0.14
sla_violation_rate,adaptive_heuristic,static_opf_2.50_forecast,0.030671296296296297,0.051388888888888894,-2.9550364962088485,0.004763338662194629,-0.3888888888888889
sla_violation_rate,conservative,opf_aware_q_learning,0.0,0.036689814814814814,-6.8547067334594916,1.5745311088844577e-07,-0.9
sla_violation_rate,conservative,q_learning,0.0,0.0,,,0.0
sla_violation_rate,conservative,static_opf_1.10_forecast,0.0,0.0,,,0.0
sla_violation_rate,conservative,static_opf_1.20_forecast,0.0,0.0,,,0.0
sla_violation_rate,conservative,static_opf_1.30_forecast,0.0,0.0,,,0.0
sla_violation_rate,conservative,static_opf_1.40_forecast,0.0,0.0003472222222222222,-0.9999999999999997,0.32558198801619376,-0.03333333333333333
sla_violation_rate,conservative,static_opf_1.50_forecast,0.0,0.0003472222222222222,-0.9999999999999997,0.32558198801619376,-0.03333333333333333
sla_violation_rate,conservative,static_opf_1.75_forecast,0.0,0.003009259259259259,-2.489167428677687,0.018789347905169517,-0.23333333333333334
sla_violation_rate,conservative,static_opf_2.00_forecast,0.0,0.011458333333333333,-4.864976772888997,3.691653858602533e-05,-0.6
sla_violation_rate,conservative,static_opf_2.25_forecast,0.0,0.026851851851851852,-5.949594758796955,1.8291727512194916e-06,-0.7666666666666667
sla_violation_rate,conservative,static_opf_2.50_forecast,0.0,0.051388888888888894,-8.746854719287821,1.2554083186736691e-09,-0.9333333333333333
sla_violation_rate,opf_aware_q_learning,q_learning,0.036689814814814814,0.0,6.8547067334594916,1.5745311088844577e-07,0.9
sla_violation_rate,opf_aware_q_learning,static_opf_1.10_forecast,0.036689814814814814,0.0,6.8547067334594916,1.5745311088844577e-07,0.9
sla_violation_rate,opf_aware_q_learning,static_opf_1.20_forecast,0.036689814814814814,0.0,6.8547067334594916,1.5745311088844577e-07,0.9
sla_violation_rate,opf_aware_q_learning,static_opf_1.30_forecast,0.036689814814814814,0.0,6.8547067334594916,1.5745311088844577e-07,0.9
sla_violation_rate,opf_aware_q_learning,static_opf_1.40_forecast,0.036689814814814814,0.0003472222222222222,6.775593955735842,1.8624749045756324e-07,0.8922222222222222
sla_violation_rate,opf_aware_q_learning,static_opf_1.50_forecast,0.036689814814814814,0.0003472222222222222,6.775593955735842,1.8624749045756324e-07,0.8922222222222222
sla_violation_rate,opf_aware_q_learning,static_opf_1.75_forecast,0.036689814814814814,0.003009259259259259,6.137876602389661,7.331942118179347e-07,0.8188888888888889
sla_violation_rate,opf_aware_q_learning,static_opf_2.00_forecast,0.036689814814814814,0.011458333333333333,4.314710065595988,0.00010251413934741168,0.5922222222222222
sla_violation_rate,opf_aware_q_learning,static_opf_2.25_forecast,0.036689814814814814,0.026851851851851852,1.4051589140837013,0.16545927915960346,0.20444444444444446
sla_violation_rate,opf_aware_q_learning,static_opf_2.50_forecast,0.036689814814814814,0.051388888888888894,-1.849468726864004,0.06953178352363078,-0.29444444444444445
sla_violation_rate,q_learning,static_opf_1.10_forecast,0.0,0.0,,,0.0
sla_violation_rate,q_learning,static_opf_1.20_forecast,0.0,0.0,,,0.0
sla_violation_rate,q_learning,static_opf_1.30_forecast,0.0,0.0,,,0.0
sla_violation_rate,q_learning,static_opf_1.40_forecast,0.0,0.0003472222222222222,-0.9999999999999997,0.32558198801619376,-0.03333333333333333
sla_violation_rate,q_learning,static_opf_1.50_forecast,0.0,0.0003472222222222222,-0.9999999999999997,0.32558198801619376,-0.03333333333333333
sla_violation_rate,q_learning,static_opf_1.75_forecast,0.0,0.003009259259259259,-2.489167428677687,0.018789347905169517,-0.23333333333333334
sla_violation_rate,q_learning,static_opf_2.00_forecast,0.0,0.011458333333333333,-4.864976772888997,3.691653858602533e-05,-0.6
sla_violation_rate,q_learning,static_opf_2.25_forecast,0.0,0.026851851851851852,-5.949594758796955,1.8291727512194916e-06,-0.7666666666666667
sla_violation_rate,q_learning,static_opf_2.50_forecast,0.0,0.051388888888888894,-8.746854719287821,1.2554083186736691e-09,-0.9333333333333333
sla_violation_rate,static_opf_1.10_forecast,static_opf_1.20_forecast,0.0,0.0,,,0.0
sla_violation_rate,static_opf_1.10_forecast,static_opf_1.30_forecast,0.0,0.0,,,0.0
sla_violation_rate,static_opf_1.10_forecast,static_opf_1.40_forecast,0.0,0.0003472222222222222,-0.9999999999999997,0.32558198801619376,-0.03333333333333333
sla_violation_rate,static_opf_1.10_forecast,static_opf_1.50_forecast,0.0,0.0003472222222222222,-0.9999999999999997,0.32558198801619376,-0.03333333333333333
sla_violation_rate,static_opf_1.10_forecast,static_opf_1.75_forecast,0.0,0.003009259259259259,-2.489167428677687,0.018789347905169517,-0.23333333333333334
sla_violation_rate,static_opf_1.10_forecast,static_opf_2.00_forecast,0.0,0.011458333333333333,-4.864976772888997,3.691653858602533e-05,-0.6
sla_violation_rate,static_opf_1.10_forecast,static_opf_2.25_forecast,0.0,0.026851851851851852,-5.949594758796955,1.8291727512194916e-06,-0.7666666666666667
sla_violation_rate,static_opf_1.10_forecast,static_opf_2.50_forecast,0.0,0.051388888888888894,-8.746854719287821,1.2554083186736691e-09,-0.9333333333333333
sla_violation_rate,static_opf_1.20_forecast,static_opf_1.30_forecast,0.0,0.0,,,0.0
sla_violation_rate,static_opf_1.20_forecast,static_opf_1.40_forecast,0.0,0.0003472222222222222,-0.9999999999999997,0.32558198801619376,-0.03333333333333333
sla_violation_rate,static_opf_1.20_forecast,static_opf_1.50_forecast,0.0,0.0003472222222222222,-0.9999999999999997,0.32558198801619376,-0.03333333333333333
sla_violation_rate,static_opf_1.20_forecast,static_opf_1.75_forecast,0.0,0.003009259259259259,-2.489167428677687,0.018789347905169517,-0.23333333333333334
sla_violation_rate,static_opf_1.20_forecast,static_opf_2.00_forecast,0.0,0.011458333333333333,-4.864976772888997,3.691653858602533e-05,-0.6
sla_violation_rate,static_opf_1.20_forecast,static_opf_2.25_forecast,0.0,0.026851851851851852,-5.949594758796955,1.8291727512194916e-06,-0.7666666666666667
sla_violation_rate,static_opf_1.20_forecast,static_opf_2.50_forecast,0.0,0.051388888888888894,-8.746854719287821,1.2554083186736691e-09,-0.9333333333333333
sla_violation_rate,static_opf_1.30_forecast,static_opf_1.40_forecast,0.0,0.0003472222222222222,-0.9999999999999997,0.32558198801619376,-0.03333333333333333
sla_violation_rate,static_opf_1.30_forecast,static_opf_1.50_forecast,0.0,0.0003472222222222222,-0.9999999999999997,0.32558198801619376,-0.03333333333333333
sla_violation_rate,static_opf_1.30_forecast,static_opf_1.75_forecast,0.0,0.003009259259259259,-2.489167428677687,0.018789347905169517,-0.23333333333333334
sla_violation_rate,static_opf_1.30_forecast,static_opf_2.00_forecast,0.0,0.011458333333333333,-4.864976772888997,3.691653858602533e-05,-0.6
sla_violation_rate,static_opf_1.30_forecast,static_opf_2.25_forecast,0.0,0.026851851851851852,-5.949594758796955,1.8291727512194916e-06,-0.7666666666666667
sla_violation_rate,static_opf_1.30_forecast,static_opf_2.50_forecast,0.0,0.051388888888888894,-8.746854719287821,1.2554083186736691e-09,-0.9333333333333333
sla_violation_rate,static_opf_1.40_forecast,static_opf_1.50_forecast,0.0003472222222222222,0.0003472222222222222,0.0,1.0,0.0
sla_violation_rate,static_opf_1.40_forecast,static_opf_1.75_forecast,0.0003472222222222222,0.003009259259259259,-2.116394123879397,0.041766125353949156,-0.20222222222222222
sla_violation_rate,static_opf_1.40_forecast,static_opf_2.00_forecast,0.0003472222222222222,0.011458333333333333,-4.667109072055692,5.848716997215735e-05,-0.5777777777777777
sla_violation_rate,static_opf_1.40_forecast,static_opf_2.25_forecast,0.0003472222222222222,0.026851851851851852,-5.855357260493587,2.2688513726646216e-06,-0.7533333333333333
sla_violation_rate,static_opf_1.40_forecast,static_opf_2.50_forecast,0.0003472222222222222,0.051388888888888894,-8.672621453319321,1.4186357983796374e-09,-0.9266666666666666
sla_violation_rate,static_opf_1.50_forecast,static_opf_1.75_forecast,0.0003472222222222222,0.003009259259259259,-2.116394123879397,0.041766125353949156,-0.20222222222222222
sla_violation_rate,static_opf_1.50_forecast,static_opf_2.00_forecast,0.0003472222222222222,0.011458333333333333,-4.667109072055692,5.848716997215735e-05,-0.5777777777777777
sla_violation_rate,static_opf_1.50_forecast,static_opf_2.25_forecast,0.0003472222222222222,0.026851851851851852,-5.855357260493587,2.2688513726646216e-06,-0.7533333333333333
sla_violation_rate,static_opf_1.50_forecast,static_opf_2.50_forecast,0.0003472222222222222,0.051388888888888894,-8.672621453319321,1.4186357983796374e-09,-0.9266666666666666
sla_violation_rate,static_opf_1.75_forecast,static_opf_2.00_forecast,0.003009259259259259,0.011458333333333333,-3.1914359302115654,0.0026357559416652254,-0.4111111111111111
sla_violation_rate,static_opf_1.75_forecast,static_opf_2.25_forecast,0.003009259259259259,0.026851851851851852,-5.1029270599260075,1.3473855557271679e-05,-0.6544444444444445
sla_violation_rate,static_opf_1.75_forecast,static_opf_2.50_forecast,0.003009259259259259,0.051388888888888894,-8.065661742389514,3.733635663582109e-09,-0.8811111111111111
sla_violation_rate,static_opf_2.00_forecast,static_opf_2.25_forecast,0.011458333333333333,0.026851851851851852,-3.023777677185946,0.004167513154045095,-0.37777777777777777
sla_violation_rate,static_opf_2.00_forecast,static_opf_2.50_forecast,0.011458333333333333,0.051388888888888894,-6.3084971299182,2.130072815947068e-07,-0.7422222222222222
sla_violation_rate,static_opf_2.25_forecast,static_opf_2.50_forecast,0.026851851851851852,0.051388888888888894,-3.311998152525085,0.0016506031599825071,-0.4633333333333333
