policy,n_runs,net_profit_mean,net_profit_std,net_profit_se,net_profit_ci95_low,net_profit_ci95_high,admission_ratio_mean,admission_ratio_std,admission_ratio_se,admission_ratio_ci95_low,admission_ratio_ci95_high,rejection_ratio_mean,rejection_ratio_std,rejection_ratio_se,rejection_ratio_ci95_low,rejection_ratio_ci95_high,sla_violation_rate_mean,sla_violation_rate_std,sla_violation_rate_se,sla_violation_rate_ci95_low,sla_violation_rate_ci95_high,mean_cpu_utilisation_mean,mean_cpu_utilisation_std,mean_cpu_utilisation_se,mean_cpu_utilisation_ci95_low,mean_cpu_utilisation_ci95_high,mean_mem_utilisation_mean,mean_mem_utilisation_std,mean_mem_utilisation_se,mean_mem_utilisation_ci95_low,mean_mem_utilisation_ci95_high,mean_bw_utilisation_mean,mean_bw_utilisation_std,mean_bw_utilisation_se,mean_bw_utilisation_ci95_low,mean_bw_utilisation_ci95_high,p95_cpu_utilisation_mean,p95_cpu_utilisation_std,p95_cpu_utilisation_se,p95_cpu_utilisation_ci95_low,p95_cpu_utilisation_ci95_high,p95_mem_utilisation_mean,p95_mem_utilisation_std,p95_mem_utilisation_se,p95_mem_utilisation_ci95_low,p95_mem_utilisation_ci95_high,p95_bw_utilisation_mean,p95_bw_utilisation_std,p95_bw_utilisation_se,p95_bw_utilisation_ci95_low,p95_bw_utilisation_ci95_high,mean_reserved_cpu_ratio_mean,mean_reserved_cpu_ratio_std,mean_reserved_cpu_ratio_se,mean_reserved_cpu_ratio_ci95_low,mean_reserved_cpu_ratio_ci95_high,mean_reserved_mem_ratio_mean,mean_reserved_mem_ratio_std,mean_reserved_mem_ratio_se,mean_reserved_mem_ratio_ci95_low,mean_reserved_mem_ratio_ci95_high,mean_reserved_bw_ratio_mean,mean_reserved_bw_ratio_std,mean_reserved_bw_ratio_se,mean_reserved_bw_ratio_ci95_low,mean_reserved_bw_ratio_ci95_high,mean_selected_opf_mean,mean_selected_opf_std,mean_selected_opf_se,mean_selected_opf_ci95_low,mean_selected_opf_ci95_high,total_admission_revenue_mean,total_admission_revenue_std,total_admission_revenue_se,total_admission_revenue_ci95_low,total_admission_revenue_ci95_high,total_sla_penalty_mean,total_sla_penalty_std,total_sla_penalty_se,total_sla_penalty_ci95_low,total_sla_penalty_ci95_high,total_rejection_penalty_mean,total_rejection_penalty_std,total_rejection_penalty_se,total_rejection_penalty_ci95_low,total_rejection_penalty_ci95_high,total_overbooking_penalty_mean,total_overbooking_penalty_std,total_overbooking_penalty_se,total_overbooking_penalty_ci95_low,total_overbooking_penalty_ci95_high,total_safe_bonus_mean,total_safe_bonus_std,total_safe_bonus_se,total_safe_bonus_ci95_low,total_safe_bonus_ci95_high,blocked_nominal_count_mean,blocked_nominal_count_std,blocked_nominal_count_se,blocked_nominal_count_ci95_low,blocked_nominal_count_ci95_high,blocked_forecast_count_mean,blocked_forecast_count_std,blocked_forecast_count_se,blocked_forecast_count_ci95_low,blocked_forecast_count_ci95_high,blocked_both_count_mean,blocked_both_count_std,blocked_both_count_se,blocked_both_count_ci95_low,blocked_both_count_ci95_high,policy_reject_count_mean,policy_reject_count_std,policy_reject_count_se,policy_reject_count_ci95_low,policy_reject_count_ci95_high,total_requests_mean,total_requests_std,total_requests_se,total_requests_ci95_low,total_requests_ci95_high
static_opf_1.75_forecast,30,-213.66934743125356,2661.717851999529,485.96096975144644,-1207.5711276864656,780.2324328239586,0.20013975643363338,0.07745937339797995,0.014142082033429737,0.17121595105739054,0.22906356180987622,0.7998602435663665,0.07745937339797995,0.014142082033429737,0.7709364381901237,0.8287840489426094,0.003009259259259259,0.006621648502580529,0.0012089420842445536,0.0005366950729406065,0.005481823445577912,0.5542456389833209,0.04488528506501345,0.0081948943767192,0.5374851980899082,0.5710060798767336,0.5233749307732187,0.04309074402604501,0.007867257507581943,0.5072845825164211,0.5394652790300164,0.45372910185539367,0.020697925038420432,0.0037789068123646177,0.44600036962788836,0.461457834082899,0.7460001776284316,0.06888931012667386,0.012577409709116116,0.7202764864700997,0.7717238687867636,0.681756000569816,0.06684318895082819,0.012203840801316226,0.6567963436150955,0.7067156575245365,0.588270558528231,0.06165997908051856,0.011257520479232222,0.5652463439471893,0.6112947731092726,1.4939020936754963,0.09513427003306103,0.017369061896298423,1.458378373429149,1.5294258139218435,1.2941010327322147,0.08748468537304438,0.015972445205019555,1.2614337143415684,1.326768351122861,1.7378154966754642,0.03279858186675977,0.0059881743808680755,1.7255683049294532,1.7500626884214752,1.75,0.0,0.0,1.75,1.75,4568.279613542475,349.88839346969894,63.88058857086579,4437.629140240457,4698.930086844493,3.2561510207809,11.980502656886364,2.1873305184757457,-1.2174421927471886,7.729744234308988,3657.0810763041586,2579.6243644392325,470.972818097765,2693.833508091836,4620.328644516481,1695.878400315455,191.9361895001896,35.04259353028002,1624.2082492901188,1767.5485513407914,574.2666666666667,3.814069537486386,0.6963506405248632,572.8424696953471,575.6908636379862,894.9333333333333,590.1120252111886,107.73922255440841,674.5818817447249,1115.2847849219415,0.0,0.0,0.0,0.0,0.0,24.8,38.61695178956052,7.0504585324105955,10.380193218886417,39.21980678111358,0.0,0.0,0.0,0.0,0.0,1096.5666666666666,619.3484720939073,113.07704304073063,865.2981463950489,1327.8351869382843
adaptive_heuristic,30,-292.30116609025026,2713.315560041068,495.38137928808527,-1305.4698471708257,720.8675149903252,0.24322869297642852,0.09728873574416667,0.01776241171941308,0.20690048201211958,0.27955690394073746,0.7567713070235715,0.09728873574416669,0.017762411719413083,0.7204430960592626,0.7930995179878805,0.030671296296296297,0.020954376441360906,0.0038257282184627323,0.02284680354115278,0.03849578905143981,0.6676931106045667,0.05001256867431838,0.009131004007233472,0.6490181105465403,0.6863681106625931,0.6345828684429536,0.050069286607422214,0.009141359237692152,0.6158866895606421,0.6532790473252652,0.550194055664676,0.041509867978327675,0.007578630350263811,0.5346940162255499,0.5656940951038022,0.9324972668199396,0.06026963648950271,0.011003679812645701,0.9099922146945794,0.9550023189452999,0.8758611871074647,0.06424678185822132,0.011729803890287162,0.8518710444946459,0.8998513297202836,0.753948264444953,0.07636672166863709,0.013942592033543698,0.7254324619297862,0.7824640669601198,1.8218771848118644,0.11696849249272279,0.02135542728521265,1.778200431907738,1.8655539377159909,1.5811288718071326,0.10853011518342437,0.019814797418198485,1.5406030607745784,1.6216546828396867,2.12567758457735,0.09650412701189516,0.017619162418919535,2.0896423513286253,2.161712817826075,2.137627158273605,0.10395286028217442,0.01897910883124326,2.098810522310684,2.1764437942365262,5523.072285990321,478.2977646590305,87.32482496934942,5344.472965468957,5701.671606511684,95.12375006173949,78.82583545140378,14.391562730308088,65.68969936910113,124.55780075437784,3492.062149208673,2573.675885579299,469.88677941295566,2531.0357795070254,4453.088518910321,2786.5208861434926,262.66927601047234,47.95662921149543,2688.438566543375,2884.60320574361,558.3333333333334,12.069720830223881,2.2036194538345337,553.8264255063707,562.840241160296,757.8,491.3009752441594,89.6988755551711,574.3452008485915,941.2547991514084,0.9333333333333333,1.855714999917697,0.33880565525187334,0.24039796429000848,1.6262687023766582,123.7,135.95515234177725,24.821901248880902,72.93351179169802,174.466488208302,0.0,0.0,0.0,0.0,0.0,1096.5666666666666,619.3484720939073,113.07704304073063,865.2981463950489,1327.8351869382843
static_opf_2.00_forecast,30,-304.22041752590354,2698.6163329195556,492.69767986397056,-1311.900316993705,703.459481941898,0.2182650083504917,0.08257886885766418,0.015076769748867846,0.18742955195249755,0.24910046474848585,0.7817349916495083,0.08257886885766419,0.015076769748867848,0.7508995352515142,0.8125704480475024,0.011458333333333333,0.012900344505351302,0.002355269895056244,0.006641265528741521,0.016275401137925145,0.6248242886587948,0.05139318048250796,0.009383068084067948,0.6056337596791097,0.6440148176384799,0.5860857401961401,0.054641183731709224,0.009976069632880485,0.565682386870993,0.6064890935212872,0.523609595056819,0.02244738731462086,0.0040983134630910535,0.5152276028793537,0.5319915872342844,0.8222403965389247,0.06855727246668561,0.012516788203677184,0.7966406902804671,0.8478401027973822,0.7540699445214506,0.06919562694862037,0.012633335253490582,0.7282318727820116,0.7799080162608896,0.6749076898098456,0.06058460002996225,0.011061184024612829,0.6522850283656227,0.6975303512540685,1.6839309794356052,0.12909911523515868,0.02357016585608509,1.635724577556756,1.7321373813144545,1.4535530284035596,0.1189302941007841,0.021713601616574346,1.4091437267398812,1.497962330067238,1.9853783051894482,0.035266022783106685,0.006438665397266216,1.9722097558631853,1.9985468545157112,2.0,0.0,0.0,2.0,2.0,5057.684141047426,401.5036588378913,73.30420362212384,4907.760210906527,5207.608071188325,22.05780260345172,37.350150012036764,6.819173229264796,8.111027380121573,36.00457782678187,3576.286891286614,2573.6666239162096,469.8850884723576,2615.2639799468006,4537.309802626427,2332.959864683265,260.73482944219256,47.60344920425033,2235.599879302974,2430.3198500635563,569.4,7.430598435082352,1.356635459552397,566.6253689445551,572.1746310554448,847.9666666666667,573.2352519018597,104.65795940793491,633.917105800437,1062.0162275328964,0.13333333333333333,0.4341724854553048,0.0792686880439847,-0.028789337147194366,0.29545600381386106,54.666666666666664,66.26089153585573,12.097528324863772,29.924443140115294,79.40889019321804,0.0,0.0,0.0,0.0,0.0,1096.5666666666666,619.3484720939073,113.07704304073063,865.2981463950489,1327.8351869382843
opf_aware_q_learning,30,-308.11356080059886,3011.7963624267777,549.8762687710503,-1432.73680519648,816.5096835952822,0.20739144261183967,0.08105169468666497,0.01479794716796934,0.1771262424211951,0.23765664280248425,0.7926085573881603,0.08105169468666498,0.014797947167969342,0.7623433571975157,0.8228737575788049,0.036689814814814814,0.029316847512481637,0.005352499565841803,0.025742724043252736,0.04763690558637689,0.694924328551775,0.15797854427619926,0.028842804100634327,0.635934170642931,0.753914486460619,0.599821617812096,0.13713682847907185,0.025037644807568177,0.5486138844824676,0.6510293511417243,0.6311029100748058,0.13516069110953335,0.02467685313622646,0.5806330785660401,0.6815727415835715,0.9348521288135772,0.1701632944082295,0.03106742493559333,0.871312110430569,0.9983921471965853,0.7970645075427648,0.151116530226176,0.027589977472262616,0.7406366677907198,0.8534923472948098,0.8347118416209712,0.14560222823519403,0.026583208275810462,0.7803430760722962,0.8890806071696462,1.78970267202194,0.39749960583054583,0.07257316690426734,1.6412738798458884,1.9381314641979916,1.4360974176771424,0.32383492469198666,0.05912389772059593,1.3151754695005575,1.5570193658537272,2.187005781416158,0.44625105714112695,0.08147392343557402,2.020372898144872,2.3536386646874443,2.331043617346745,0.2252280225006494,0.0411208228352956,2.2469420915751113,2.415145143118379,5539.865118104208,1313.728371576999,239.8528878490837,5049.310882124131,6030.419354084284,122.13783418696703,128.3706856829792,23.437173423657725,74.20343237309744,170.0722360008366,3455.8481968941205,2647.972601333546,483.45144180200583,2467.0789775888647,4444.617416199376,2824.8593144903866,709.4239217604694,129.52249492732972,2559.9560685420292,3089.762560438744,554.8666666666667,16.886504167189422,3.0830397499248785,548.5611423822469,561.1721909510865,594.6,359.0383324074618,65.5511312228683,460.5328833476592,728.6671166523408,9.166666666666666,9.359057325553067,1.708722271396462,5.6719372270343005,12.661396106299032,203.43333333333334,197.42998467956863,36.0456187122997,129.71176547392474,277.15490119274193,105.3,476.77654348110815,87.0470892513152,-72.73128719816084,283.33128719816085,1096.5666666666666,619.3484720939073,113.07704304073063,865.2981463950489,1327.8351869382843
static_opf_1.50_forecast,30,-316.22464740220056,2711.7951433784474,495.10379045377726,-1328.8255955705242,696.376300766123,0.17415527212370455,0.06866150811395277,0.012535818942111976,0.1485166436348885,0.1997939006125206,0.8258447278762954,0.06866150811395279,0.012535818942111978,0.8002060993874793,0.8514833563651114,0.0003472222222222222,0.0019018144357818268,0.00034722222222222224,-0.00036292695907385523,0.0010573714035182996,0.4746773126472817,0.03141709580454593,0.005735950687816907,0.4629459762747471,0.4864086490198163,0.45487735421037506,0.034257918123675124,0.006254611509833974,0.44208523735043825,0.46766947107031187,0.3814392638441655,0.020324168842740513,0.0037106685792375484,0.3738500944737784,0.38902843321455255,0.6351993242887871,0.05198762020062325,0.009491597431630867,0.615786827870425,0.6546118207071492,0.5897549420643694,0.048124830356399306,0.008786351720769761,0.5717848350788474,0.6077250490498914,0.499661261060183,0.05183589545231,0.009463896409236549,0.48030541959393913,0.5190171025264269,1.2910555939047108,0.07168853136378035,0.013088475247453029,1.2642866563582997,1.3178245314511219,1.131672549443478,0.0730052757027716,0.013328878773097274,1.1044119314803462,1.15893316740661,1.4906889280976103,0.028337862218333506,0.005173762122818216,1.4801073964426792,1.5012704597525415,1.5,0.0,0.0,1.5,1.5,3929.3667139273866,324.3097656577631,59.21059142332369,3808.267457220197,4050.4659706345765,0.37221517104350377,2.0387064542617073,0.37221517104350377,-0.3890503300261643,1.1334806721131718,3768.0042399458803,2601.0597958942903,474.88637454369535,2796.7525500841816,4739.255929807579,1053.0149062126627,139.3051438920932,25.433523228734156,1000.997510601385,1105.0323018239405,575.8,1.0954451150103326,0.20000000000000007,575.3909540715734,576.2090459284265,939.4666666666667,620.4067482977061,113.27025695702783,707.8029795661654,1171.1303537671681,0.0,0.0,0.0,0.0,0.0,3.533333333333333,6.257317555351155,1.142424658179636,1.1968125585210205,5.8698541081456455,0.0,0.0,0.0,0.0,0.0,1096.5666666666666,619.3484720939073,113.07704304073063,865.2981463950489,1327.8351869382843
static_opf_1.40_forecast,30,-364.63531720064606,2680.397877576546,489.3714602125483,-1365.5123336411145,636.2416992398223,0.1648267059293275,0.0669607697043214,0.01222530801165512,0.13982314359968803,0.18983026825896696,0.8351732940706726,0.06696076970432141,0.012225308011655122,0.8101697317410331,0.8601768564003122,0.0003472222222222222,0.0019018144357818268,0.00034722222222222224,-0.00036292695907385523,0.0010573714035182996,0.4467289588792645,0.029160017536730684,0.005323866460704541,0.43584042938307543,0.4576174883754536,0.4291155095099271,0.031278785569565835,0.005710698809272761,0.41743581902791055,0.44079519999194366,0.353730466918705,0.0168774494670237,0.0030813865954141414,0.3474283237148936,0.3600326101225164,0.6006802787853028,0.04638008273167061,0.008467805843697272,0.5833616712699486,0.617998886300657,0.5604104675243576,0.03991026698056532,0.007286584500436407,0.5455077289141603,0.5753132061345549,0.46260237223065775,0.04275636881708204,0.007806209226042102,0.4466368817288667,0.47856786273244883,1.2119817278777245,0.06400481686860515,0.011685627329307403,1.188081936476909,1.23588151927854,1.0639757263980483,0.06117563853855358,0.011169092399116056,1.0411323675476571,1.0868190852484394,1.3895602515663188,0.024776354310573328,0.00452352271621379,1.3803086088202576,1.39881189431238,1.4,4.0399579339420024e-16,7.375920305973334e-17,1.3999999999999997,1.4000000000000001,3675.920059814596,269.64251732756105,49.22976306759427,3575.2338891135823,3776.6062305156092,0.12435699749725775,0.6811313271286155,0.12435699749725773,-0.12998161999075614,0.37869561498527166,3812.3702374307195,2601.532972658552,474.97276440618646,2840.941860461474,4783.798614399965,803.8607825870242,109.30631293283643,19.956511090344396,763.0451345515019,844.6764306225466,575.8,1.0954451150103326,0.20000000000000007,575.3909540715734,576.2090459284265,949.4,621.2423370789456,113.42281389845553,717.4242989207776,1181.3757010792224,0.0,0.0,0.0,0.0,0.0,2.3666666666666667,6.835421604096349,1.247971534207239,-0.18572170763180518,4.919055040965139,0.0,0.0,0.0,0.0,0.0,1096.5666666666666,619.3484720939073,113.07704304073063,865.2981463950489,1327.8351869382843
static_opf_1.30_forecast,30,-400.50807055760436,2683.914863511022,490.01357105612857,-1402.6983511288981,601.6822100136893,0.15652980337711128,0.06272360030525083,0.0114517102583746,0.1331084261035684,0.17995118065065416,0.8434701966228888,0.06272360030525083,0.0114517102583746,0.8200488193493459,0.8668915738964317,0.0,0.0,0.0,0.0,0.0,0.4127520651775404,0.025691884528274485,0.00469067490031797,0.4031585578298022,0.42234557252527855,0.4006213393067571,0.026256883841663956,0.004793829189957417,0.3908168577481352,0.410425820865379,0.32497106400605325,0.016062821453655365,0.002932656549114989,0.31897310790160865,0.33096902011049784,0.5624731306256524,0.056784655091621374,0.010367412171277204,0.5412693919407489,0.583676869310556,0.5282954227299894,0.03927301009400754,0.007170237843205338,0.5136306397519242,0.5429602057080546,0.428582464898882,0.04316235063149836,0.007880331025273002,0.4124653782961757,0.44469955150158835,1.1335916437464528,0.060701454158249624,0.011082518571946361,1.1109253482536219,1.1562579392392838,1.000803896353317,0.05377031712496878,0.009817071871183912,0.9807257299634246,1.0208820627432096,1.291799553082473,0.02552435708161797,0.00466008871313963,1.2822686015113918,1.3013305046535544,1.2999999999999996,5.485647028761839e-16,1.0015375400546834e-16,1.2999999999999994,1.2999999999999998,3450.142302453191,275.4781316582069,50.295195602859316,3347.277077549361,3553.007527357021,0.0,0.0,0.0,0.0,0.0,3852.8476205031275,2608.633037744391,476.26905300860943,2878.768035659448,4826.927205346807,573.8027525076685,90.88132272591609,16.592583504297046,539.8671088851181,607.7383961302189,576.0,0.0,0.0,576.0,576.0,958.0,621.4382650282965,113.4585852842906,725.9511382221276,1190.0488617778724,0.0,0.0,0.0,0.0,0.0,0.9,1.668160250302607,0.30456299954140065,0.2770987254410786,1.5229012745589214,0.0,0.0,0.0,0.0,0.0,1096.5666666666666,619.3484720939073,113.07704304073063,865.2981463950489,1327.8351869382843
static_opf_2.25_forecast,30,-409.671828176665,2719.7447559272596,496.5551844925808,-1425.2412104555642,605.8975541022344,0.2379645105083475,0.08931742772307891,0.016307056647422536,0.2046128348771018,0.2713161861395932,0.7620354894916523,0.0893174277230789,0.016307056647422533,0.7286838138604066,0.7953871651228981,0.026851851851851852,0.02471994407400622,0.004513223663199787,0.017621273034300906,0.036082430669402796,0.6955431686903015,0.06547367780743253,0.011953803419318728,0.6710948956008836,0.7199914417797194,0.6478921978763519,0.06079133169914008,0.011098927890799293,0.6251923415581958,0.670592054194508,0.5947314765802341,0.02232453101056532,0.004075883073403409,0.5863953597006425,0.6030675934598256,0.9079080054395088,0.08567929321587456,0.01564282720181128,0.8759148315596046,0.939901179319413,0.8460482477162956,0.08340416454280805,0.015227447436656173,0.8149046208448287,0.8771918745877625,0.7552927736895395,0.06236066285579794,0.011385447249031688,0.7320069194868817,0.7785786278921973,1.8671680698369546,0.14557654455907387,0.026578519099553572,1.8128088947305574,1.9215272449433518,1.6020160490448552,0.13138195459800298,0.0239869533941486,1.5529572209386868,1.6510748771510235,2.233145853265498,0.03907896434776418,0.007134810099070201,2.2185535281598923,2.247738178371104,2.25,0.0,0.0,2.25,2.25,5557.492119328296,488.3310309862777,89.15664040031285,5375.14631558861,5739.837923067982,77.49584226654112,89.80662359202962,16.396371184910084,43.9614978957525,111.03018663732973,3493.669683833173,2554.066404154258,466.30659430713115,2539.9656148342797,4447.373752832066,2956.5317547385816,293.9147117622321,53.6612392049345,2846.782197683076,3066.2813117940873,560.5333333333333,14.238687786627583,2.5996168300030775,555.216519934424,565.8501467322426,739.4333333333333,458.8338804895051,83.77122216391048,568.1019466060195,910.764720060647,2.2666666666666666,3.885723944738309,0.7094328855903764,0.8157134999534903,3.717619833379843,143.23333333333332,165.09823268824417,30.142675415862705,81.58464007962621,204.88202658704043,0.0,0.0,0.0,0.0,0.0,1096.5666666666666,619.3484720939073,113.07704304073063,865.2981463950489,1327.8351869382843
static_opf_1.20_forecast,30,-444.53089083041993,2717.7580572263823,496.1924645947686,-1459.3584276225224,570.2966459616825,0.14657534454403853,0.0590819452998847,0.010786838060677725,0.12451378359745521,0.16863690549062185,0.8534246554559615,0.0590819452998847,0.010786838060677725,0.8313630945093782,0.8754862164025448,0.0,0.0,0.0,0.0,0.0,0.38146221459498014,0.027089316193056302,0.004945809848775636,0.37134689768791235,0.39157753150204794,0.3697485144423812,0.024276613074007126,0.004432282866819512,0.36068347814084506,0.37881355074391737,0.29657416549024834,0.01619989287124115,0.00295768225158197,0.29052502607730313,0.30262330490319356,0.5211314478453261,0.050347107395351885,0.009192082141856465,0.5023315289758825,0.5399313667147696,0.48657565551346715,0.04383948247235544,0.008003957819820474,0.47020572372599045,0.5029455873009439,0.38671713678063885,0.045038199311439646,0.008222812570763044,0.36989959676921286,0.40353467679206484,1.047512396923213,0.05541727825633298,0.010117764458844712,1.026819245139867,1.068205548706559,0.9261097310022492,0.056143992488215395,0.01025044371806539,0.9051452196650489,0.9470742423394496,1.1891062716956082,0.023220470188326247,0.0042394584393408395,1.1804356056288787,1.1977769377623377,1.2,2.9733285318833066e-16,5.428530359287352e-17,1.1999999999999997,1.2000000000000002,3219.636287470289,304.1461095367918,55.52922832357933,3106.0662636981497,3333.2063112424285,0.0,0.0,0.0,0.0,0.0,3890.2780810991535,2621.470629647494,478.6128658984012,2911.404860657659,4869.151301540648,349.88909720155465,65.85004753589786,12.022518816066246,325.3002853458378,374.4779090572715,576.0,0.0,0.0,576.0,576.0,967.7666666666667,622.8088035241044,113.70881023431832,735.2060374037964,1200.3272959295368,0.0,0.0,0.0,0.0,0.0,0.03333333333333333,0.18257418583505533,0.033333333333333326,-0.03484098807109009,0.10150765473775675,0.0,0.0,0.0,0.0,0.0,1096.5666666666666,619.3484720939073,113.07704304073063,865.2981463950489,1327.8351869382843
static_opf_1.10_forecast,30,-566.1824633360942,2704.624117741125,493.7945462864408,-1576.1057065245918,443.74077985240353,0.13739811464888865,0.056762792079129216,0.010363420549571546,0.11620253974701775,0.15859368955075956,0.8626018853511114,0.056762792079129216,0.010363420549571546,0.8414063104492404,0.8837974602529823,0.0,0.0,0.0,0.0,0.0,0.3488472810083375,0.025930904788462893,0.004734313829719951,0.33916452202863545,0.35853003998803956,0.34247328826768136,0.022244501994948193,0.004061271841033932,0.3341670547136399,0.35077952182172284,0.26874386751026436,0.014351398089375272,0.0026201948217624595,0.2633849673926332,0.27410276762789554,0.48515984848016397,0.05007872245251118,0.009143081979426936,0.46646014619539067,0.5038595507649373,0.4494643924458922,0.03331900242753895,0.006083189741044157,0.4370228724687911,0.4619059124229933,0.3584558068325855,0.04424090842171437,0.008077247835697745,0.34193598013216425,0.3749756335330067,0.9609188240664781,0.049153694807446975,0.00897419581025442,0.9425645327810427,0.9792731153519135,0.8595250650492373,0.04616845731821648,0.008429168506133877,0.8422854797619609,0.8767646503365137,1.0906293214178429,0.023874782826404636,0.004358919036519589,1.0817143309966966,1.0995443118389892,1.1,4.459992797824959e-16,8.142795538931026e-17,1.0999999999999999,1.1000000000000003,2966.32659882925,277.04544193409373,50.58134600043027,2862.8761306501997,3069.7770670083005,0.0,0.0,0.0,0.0,0.0,3936.812307272511,2625.98537133644,479.4371411865161,2956.2532545784866,4917.371359966535,171.69675489283327,47.14497178262327,8.607454839429103,154.0925331119143,189.30097667375225,576.0,0.0,0.0,576.0,576.0,976.4666666666667,623.7454572197692,113.87981902021372,743.556285165818,1209.3770481675153,0.0,0.0,0.0,0.0,0.0,0.0,0.0,0.0,0.0,0.0,0.0,0.0,0.0,0.0,0.0,1096.5666666666666,619.3484720939073,113.07704304073063,865.2981463950489,1327.8351869382843
static_opf_2.50_forecast,30,-631.383251927095,2830.2415223931725,516.7290416675011,-1688.2128048962927,425.44630104210273,0.2591574275796937,0.09759622961312023,0.017818552162186547,0.22271439651770197,0.2956004586416854,0.7408425724203064,0.09759622961312023,0.017818552162186547,0.7043995413583147,0.777285603482298,0.051388888888888894,0.03217939997048767,0.00587512775027239,0.03937290346271538,0.0634048743150624,0.7588428636466611,0.06212663790040817,0.011342720333336316,0.7356443957985003,0.7820413314948219,0.7120463644191627,0.06650915612842306,0.012142855030723425,0.687211437370207,0.7368812914681184,0.6676851135116568,0.025030003584076994,0.004569832525811375,0.6583387565702853,0.6770314704530284,0.9750156738922982,0.07891905619312191,0.014408582431330216,0.9455468140026291,1.0044845337819672,0.9163269892695858,0.09345492291847396,0.01706245646411824,0.8814303475415725,0.9512236309975991,0.8507532494653053,0.07165934863477591,0.013083147234464599,0.8239952089289918,0.8775112900016188,2.0438445603899935,0.14914672693206066,0.0272303422395843,1.9881522572761774,2.0995368635038094,1.7591034256624911,0.1449877678301085,0.02647102366762409,1.70496410339987,1.8132427479251123,2.4812726911897682,0.050541380322884334,0.009227551363430495,2.462400229616978,2.5001451527625584,2.5,0.0,0.0,2.5,2.5,6023.966386294099,484.8263485038483,88.51677584947292,5842.92925250074,6205.003520087457,194.1014335400304,157.22409365179135,28.7050608921303,135.39299212422128,252.80987495583952,3426.3041266303544,2560.687289561726,467.51539706990684,2470.1277783895403,4382.480474871169,3581.3440780508085,323.98102708505246,59.15057224605847,3460.3675743440576,3702.3205817575595,546.4,18.535334383000894,3.3840735841568965,539.478792394524,553.3212076054759,575.2,278.2887857529693,50.80834848587453,471.28525960888123,679.1147403911189,12.8,16.52250294139105,3.0165825224817784,6.630396007080827,18.969603992919176,277.8333333333333,341.8549887501034,62.413896244702144,150.1825826526735,405.48408401399314,0.0,0.0,0.0,0.0,0.0,1096.5666666666666,619.3484720939073,113.07704304073063,865.2981463950489,1327.8351869382843
conservative,30,-818.4073393159468,2684.420578859792,490.1059016241946,-1820.786457101924,183.97177847003036,0.12493657227214079,0.052446907262846315,0.009575451393080818,0.10535257524621101,0.14452056929807056,0.8750634277278592,0.05244690726284631,0.009575451393080817,0.8554794307019294,0.8946474247537889,0.0,0.0,0.0,0.0,0.0,0.3155911131024373,0.021921193647825486,0.004002244082784326,0.3074056048692766,0.32377662133559804,0.3120987975755307,0.017263900738693976,0.0031519426217042636,0.3056523510953197,0.31854524405574175,0.23979879113455557,0.012223253471165728,0.002231650550753597,0.23523455327727255,0.2443630289918386,0.4355117076110759,0.03776674683318269,0.006895233054706986,0.4214093725781759,0.44961404264397586,0.40793926262244273,0.028742393597673117,0.005247619110045877,0.3972066764679549,0.4186718487769306,0.32527990253225375,0.03799574923416383,0.00693704298162039,0.3110920565974951,0.3394677484670124,0.8727804143522351,0.04451838941161333,0.008127908701513253,0.8561569745473518,0.8894038541571183,0.7865232806301347,0.03808571351531699,0.006953468137006164,0.7723018414807044,0.800744719779565,0.9873417583754247,0.01833272563171908,0.003347082456348562,0.9804962061210383,0.9941873106298111,1.0,0.0,0.0,1.0,1.0,2655.0303715213104,255.63197625923613,46.67179993893624,2559.5758228345107,2750.48492020811,0.0,0.0,0.0,0.0,0.0,3994.512140255033,2625.4325877298747,479.3362171696045,3014.159500351999,4974.864780158066,54.925570582224914,25.13878725185547,4.589693615388181,45.53859315172579,64.31254801272404,576.0,0.0,0.0,576.0,576.0,987.6333333333333,624.0995987784339,113.94447612695728,754.5907132011981,1220.6759534654684,0.0,0.0,0.0,0.0,0.0,0.0,0.0,0.0,0.0,0.0,0.0,0.0,0.0,0.0,0.0,1096.5666666666666,619.3484720939073,113.07704304073063,865.2981463950489,1327.8351869382843
q_learning,30,-1228.8920313626563,3050.695656868668,556.9782757833365,-2368.0405110186994,-89.74355170661306,0.11555817309742222,0.05264969715658212,0.00961247559282521,0.09589845308069897,0.13521789311414548,0.8844418269025778,0.05264969715658211,0.009612475592825208,0.8647821068858546,0.904101546919301,0.0,0.0,0.0,0.0,0.0,0.27777752561531777,0.030728323420768602,0.005610198630623091,0.2663033810777151,0.2892516701529204,0.28366082522465186,0.025755114201338476,0.0047022190063982445,0.2740437075289664,0.2932779429203373,0.23161801425355188,0.021276701255536077,0.0038845764089851997,0.22367316343476595,0.23956286507233782,0.3982181199045203,0.05274631468069865,0.009630115458628186,0.37852232231137356,0.417913917497667,0.3819530405754375,0.03638116083916753,0.006642260819945211,0.3683680918557089,0.3955379892951661,0.3203864508392125,0.05000682559759697,0.009129955469676872,0.3017135952812778,0.33905930639714726,0.7847439604435862,0.05456177699184819,0.00996157201200054,0.7643702580824032,0.8051176628047692,0.7250464676449567,0.06547183413100276,0.011953466811595618,0.7005988829956319,0.7494940522942816,0.9412597432480634,0.031073455646332068,0.005673210865710781,0.9296567242194423,0.9528627622766844,1.0,0.0,0.0,1.0,1.0,2307.781250909262,501.44963574866324,91.55175898409726,2120.5368796455973,2495.0256221729264,0.0,0.0,0.0,0.0,0.0,4070.9838612944136,2700.802812405253,493.09687457591684,3062.4875169687566,5079.480205620071,41.68942097750494,24.448667071170355,4.463695485271256,32.56013865757424,50.81870329743563,576.0,0.0,0.0,576.0,576.0,860.2333333333333,597.3528780541199,109.06121536695805,637.1781028578121,1083.2885638088546,0.0,0.0,0.0,0.0,0.0,0.0,0.0,0.0,0.0,0.0,137.5,90.02327285303737,16.43592574735034,103.88475746562699,171.115242534373,1096.5666666666666,619.3484720939073,113.07704304073063,865.2981463950489,1327.8351869382843
